hhPersonID,0,1,2,3,4,5,6,7,8,9,10,11,12,13,14,15,16,17,18,19,20,21,22,23
10001952.0,WAHR,WAHR,WAHR,WAHR,WAHR,WAHR,WAHR,WAHR,WAHR,WAHR,WAHR,FALSCH,FALSCH,FALSCH,FALSCH,FALSCH,FALSCH,FALSCH,FALSCH,WAHR,WAHR,WAHR,WAHR,WAHR
10002161.0,WAHR,WAHR,WAHR,WAHR,WAHR,WAHR,WAHR,WAHR,FALSCH,FALSCH,FALSCH,WAHR,WAHR,WAHR,WAHR,WAHR,WAHR,WAHR,WAHR,WAHR,WAHR,WAHR,WAHR,WAHR
10002341.0,WAHR,WAHR,WAHR,WAHR,WAHR,WAHR,WAHR,WAHR,FALSCH,FALSCH,FALSCH,FALSCH,FALSCH,FALSCH,FALSCH,FALSCH,FALSCH,FALSCH,FALSCH,WAHR,WAHR,WAHR,WAHR,WAHR
10002422.0,WAHR,WAHR,WAHR,WAHR,WAHR,WAHR,WAHR,WAHR,WAHR,WAHR,WAHR,WAHR,FALSCH,FALSCH,FALSCH,FALSCH,FALSCH,FALSCH,FALSCH,WAHR,WAHR,WAHR,WAHR,WAHR
10003121.0,WAHR,WAHR,WAHR,WAHR,WAHR,WAHR,WAHR,WAHR,WAHR,WAHR,WAHR,FALSCH,FALSCH,WAHR,WAHR,WAHR,WAHR,WAHR,WAHR,WAHR,WAHR,WAHR,WAHR,WAHR
10003122.0,WAHR,WAHR,WAHR,WAHR,WAHR,WAHR,WAHR,WAHR,WAHR,WAHR,WAHR,WAHR,FALSCH,FALSCH,FALSCH,FALSCH,FALSCH,WAHR,WAHR,WAHR,WAHR,WAHR,WAHR,WAHR
10003123.0,WAHR,WAHR,WAHR,WAHR,WAHR,WAHR,WAHR,WAHR,WAHR,WAHR,WAHR,WAHR,FALSCH,FALSCH,FALSCH,FALSCH,FALSCH,WAHR,WAHR,WAHR,WAHR,WAHR,WAHR,WAHR
10003124.0,WAHR,WAHR,WAHR,WAHR,WAHR,WAHR,WAHR,WAHR,WAHR,WAHR,WAHR,FALSCH,FALSCH,FALSCH,FALSCH,FALSCH,FALSCH,FALSCH,FALSCH,WAHR,WAHR,WAHR,WAHR,WAHR
10003852.0,WAHR,WAHR,WAHR,WAHR,WAHR,WAHR,WAHR,FALSCH,FALSCH,FALSCH,FALSCH,FALSCH,WAHR,WAHR,WAHR,WAHR,WAHR,WAHR,WAHR,WAHR,WAHR,WAHR,WAHR,WAHR
10005541.0,WAHR,WAHR,WAHR,WAHR,WAHR,WAHR,WAHR,WAHR,WAHR,WAHR,FALSCH,WAHR,WAHR,WAHR,WAHR,WAHR,WAHR,WAHR,WAHR,WAHR,WAHR,WAHR,WAHR,WAHR
10005542.0,WAHR,WAHR,WAHR,WAHR,WAHR,WAHR,WAHR,WAHR,WAHR,WAHR,FALSCH,WAHR,WAHR,WAHR,WAHR,WAHR,WAHR,WAHR,WAHR,WAHR,WAHR,WAHR,WAHR,WAHR
10006381.0,WAHR,WAHR,WAHR,WAHR,WAHR,WAHR,FALSCH,FALSCH,FALSCH,FALSCH,FALSCH,FALSCH,WAHR,WAHR,WAHR,WAHR,WAHR,WAHR,WAHR,WAHR,WAHR,WAHR,WAHR,WAHR
10006651.0,WAHR,WAHR,WAHR,WAHR,WAHR,FALSCH,FALSCH,FALSCH,FALSCH,FALSCH,FALSCH,FALSCH,FALSCH,FALSCH,FALSCH,FALSCH,FALSCH,FALSCH,FALSCH,FALSCH,WAHR,WAHR,WAHR,WAHR
10007241.0,WAHR,WAHR,WAHR,WAHR,WAHR,WAHR,WAHR,WAHR,WAHR,WAHR,FALSCH,FALSCH,WAHR,WAHR,FALSCH,FALSCH,FALSCH,FALSCH,WAHR,WAHR,WAHR,WAHR,WAHR,WAHR
10007242.0,WAHR,WAHR,WAHR,WAHR,WAHR,WAHR,WAHR,WAHR,WAHR,WAHR,FALSCH,FALSCH,WAHR,WAHR,FALSCH,FALSCH,FALSCH,WAHR,WAHR,WAHR,WAHR,WAHR,WAHR,WAHR
10009251.0,WAHR,WAHR,WAHR,WAHR,WAHR,WAHR,WAHR,WAHR,WAHR,FALSCH,FALSCH,WAHR,WAHR,FALSCH,FALSCH,FALSCH,WAHR,FALSCH,FALSCH,WAHR,WAHR,WAHR,WAHR,WAHR
10009841.0,WAHR,WAHR,WAHR,WAHR,WAHR,WAHR,WAHR,WAHR,WAHR,WAHR,WAHR,WAHR,WAHR,FALSCH,FALSCH,FALSCH,FALSCH,FALSCH,FALSCH,WAHR,WAHR,WAHR,WAHR,WAHR
10009842.0,WAHR,WAHR,WAHR,WAHR,WAHR,WAHR,WAHR,WAHR,WAHR,WAHR,WAHR,WAHR,WAHR,WAHR,WAHR,WAHR,WAHR,WAHR,FALSCH,FALSCH,WAHR,WAHR,WAHR,WAHR
10010391.0,WAHR,WAHR,WAHR,WAHR,WAHR,WAHR,WAHR,WAHR,WAHR,WAHR,WAHR,WAHR,WAHR,WAHR,WAHR,WAHR,FALSCH,FALSCH,FALSCH,FALSCH,FALSCH,FALSCH,FALSCH,FALSCH
10010392.0,WAHR,WAHR,WAHR,WAHR,WAHR,WAHR,WAHR,WAHR,WAHR,WAHR,WAHR,WAHR,WAHR,WAHR,WAHR,WAHR,FALSCH,FALSCH,FALSCH,FALSCH,FALSCH,FALSCH,FALSCH,FALSCH
10010393.0,WAHR,WAHR,WAHR,WAHR,WAHR,WAHR,WAHR,WAHR,FALSCH,FALSCH,FALSCH,WAHR,WAHR,WAHR,WAHR,WAHR,WAHR,WAHR,WAHR,WAHR,WAHR,WAHR,WAHR,WAHR
10010394.0,WAHR,WAHR,WAHR,WAHR,WAHR,WAHR,WAHR,WAHR,WAHR,FALSCH,FALSCH,FALSCH,FALSCH,WAHR,WAHR,WAHR,WAHR,WAHR,WAHR,WAHR,WAHR,WAHR,WAHR,WAHR
10013201.0,WAHR,WAHR,WAHR,WAHR,WAHR,WAHR,WAHR,WAHR,FALSCH,FALSCH,FALSCH,FALSCH,FALSCH,FALSCH,FALSCH,FALSCH,FALSCH,FALSCH,WAHR,WAHR,WAHR,WAHR,WAHR,WAHR
10013661.0,WAHR,WAHR,WAHR,WAHR,WAHR,WAHR,WAHR,WAHR,WAHR,WAHR,WAHR,WAHR,WAHR,WAHR,WAHR,FALSCH,FALSCH,FALSCH,FALSCH,FALSCH,FALSCH,FALSCH,WAHR,WAHR
10013662.0,WAHR,WAHR,WAHR,WAHR,WAHR,WAHR,WAHR,WAHR,WAHR,WAHR,WAHR,WAHR,WAHR,WAHR,WAHR,FALSCH,FALSCH,FALSCH,FALSCH,WAHR,WAHR,WAHR,WAHR,WAHR
10014081.0,WAHR,WAHR,WAHR,WAHR,WAHR,WAHR,WAHR,WAHR,FALSCH,FALSCH,FALSCH,FALSCH,FALSCH,FALSCH,WAHR,WAHR,WAHR,WAHR,WAHR,WAHR,WAHR,WAHR,WAHR,WAHR
10014741.0,WAHR,WAHR,WAHR,WAHR,WAHR,WAHR,WAHR,FALSCH,FALSCH,FALSCH,FALSCH,FALSCH,FALSCH,FALSCH,FALSCH,FALSCH,FALSCH,FALSCH,WAHR,WAHR,WAHR,WAHR,WAHR,WAHR
10016231.0,WAHR,WAHR,WAHR,WAHR,WAHR,WAHR,WAHR,WAHR,WAHR,WAHR,WAHR,WAHR,WAHR,FALSCH,FALSCH,WAHR,WAHR,WAHR,WAHR,WAHR,WAHR,WAHR,WAHR,WAHR
10016232.0,WAHR,WAHR,WAHR,WAHR,WAHR,WAHR,WAHR,WAHR,WAHR,WAHR,WAHR,WAHR,WAHR,WAHR,WAHR,WAHR,WAHR,WAHR,WAHR,FALSCH,FALSCH,WAHR,WAHR,WAHR
10016621.0,WAHR,WAHR,WAHR,WAHR,WAHR,WAHR,WAHR,FALSCH,FALSCH,FALSCH,FALSCH,FALSCH,FALSCH,FALSCH,FALSCH,FALSCH,FALSCH,FALSCH,FALSCH,FALSCH,WAHR,WAHR,WAHR,WAHR
10016622.0,WAHR,WAHR,WAHR,WAHR,WAHR,WAHR,WAHR,FALSCH,FALSCH,FALSCH,FALSCH,FALSCH,WAHR,WAHR,WAHR,WAHR,WAHR,FALSCH,FALSCH,FALSCH,WAHR,WAHR,WAHR,WAHR
10016781.0,WAHR,WAHR,WAHR,WAHR,WAHR,WAHR,WAHR,WAHR,WAHR,WAHR,WAHR,WAHR,WAHR,WAHR,WAHR,WAHR,WAHR,FALSCH,FALSCH,FALSCH,WAHR,WAHR,WAHR,WAHR
10016782.0,WAHR,WAHR,WAHR,WAHR,WAHR,WAHR,WAHR,WAHR,WAHR,FALSCH,FALSCH,FALSCH,WAHR,WAHR,WAHR,WAHR,WAHR,FALSCH,FALSCH,FALSCH,WAHR,WAHR,WAHR,WAHR
10016831.0,WAHR,WAHR,WAHR,WAHR,WAHR,WAHR,WAHR,WAHR,WAHR,WAHR,WAHR,FALSCH,FALSCH,FALSCH,FALSCH,WAHR,WAHR,WAHR,WAHR,WAHR,WAHR,WAHR,WAHR,WAHR
10016832.0,WAHR,WAHR,WAHR,WAHR,WAHR,WAHR,WAHR,WAHR,WAHR,WAHR,WAHR,FALSCH,WAHR,WAHR,WAHR,WAHR,WAHR,WAHR,WAHR,WAHR,WAHR,WAHR,WAHR,WAHR
10017721.0,WAHR,WAHR,WAHR,WAHR,WAHR,WAHR,WAHR,WAHR,FALSCH,FALSCH,FALSCH,FALSCH,FALSCH,FALSCH,FALSCH,FALSCH,WAHR,WAHR,WAHR,WAHR,WAHR,WAHR,WAHR,WAHR
10018521.0,WAHR,WAHR,WAHR,WAHR,WAHR,WAHR,WAHR,FALSCH,FALSCH,FALSCH,FALSCH,FALSCH,FALSCH,FALSCH,FALSCH,FALSCH,FALSCH,FALSCH,WAHR,WAHR,WAHR,WAHR,WAHR,WAHR
10018522.0,WAHR,WAHR,WAHR,WAHR,WAHR,WAHR,WAHR,WAHR,WAHR,WAHR,WAHR,WAHR,WAHR,WAHR,WAHR,WAHR,WAHR,FALSCH,FALSCH,FALSCH,WAHR,WAHR,WAHR,WAHR
10018691.0,WAHR,WAHR,WAHR,WAHR,WAHR,WAHR,WAHR,WAHR,WAHR,WAHR,WAHR,WAHR,WAHR,FALSCH,WAHR,WAHR,FALSCH,WAHR,WAHR,WAHR,WAHR,WAHR,WAHR,WAHR
10018692.0,WAHR,WAHR,WAHR,WAHR,WAHR,WAHR,WAHR,WAHR,WAHR,WAHR,WAHR,WAHR,WAHR,WAHR,WAHR,WAHR,FALSCH,WAHR,WAHR,WAHR,WAHR,WAHR,WAHR,WAHR
10018693.0,WAHR,WAHR,WAHR,WAHR,WAHR,WAHR,WAHR,WAHR,WAHR,WAHR,WAHR,WAHR,WAHR,FALSCH,WAHR,WAHR,FALSCH,WAHR,WAHR,WAHR,WAHR,WAHR,WAHR,WAHR
10019571.0,WAHR,WAHR,WAHR,WAHR,WAHR,WAHR,WAHR,WAHR,WAHR,WAHR,FALSCH,FALSCH,FALSCH,WAHR,WAHR,WAHR,WAHR,WAHR,WAHR,WAHR,WAHR,WAHR,WAHR,WAHR
10019573.0,WAHR,WAHR,WAHR,WAHR,WAHR,WAHR,WAHR,WAHR,WAHR,WAHR,WAHR,WAHR,WAHR,WAHR,WAHR,WAHR,WAHR,WAHR,WAHR,WAHR,WAHR,WAHR,WAHR,WAHR
10019771.0,WAHR,WAHR,WAHR,WAHR,WAHR,WAHR,WAHR,WAHR,WAHR,WAHR,WAHR,WAHR,FALSCH,WAHR,WAHR,WAHR,WAHR,WAHR,WAHR,WAHR,WAHR,WAHR,WAHR,WAHR
10019951.0,WAHR,WAHR,WAHR,WAHR,WAHR,WAHR,WAHR,WAHR,WAHR,FALSCH,FALSCH,WAHR,WAHR,WAHR,WAHR,WAHR,WAHR,WAHR,WAHR,WAHR,WAHR,WAHR,WAHR,WAHR
10021581.0,WAHR,WAHR,WAHR,WAHR,WAHR,WAHR,WAHR,WAHR,WAHR,WAHR,WAHR,WAHR,WAHR,WAHR,FALSCH,FALSCH,FALSCH,WAHR,WAHR,WAHR,WAHR,WAHR,WAHR,WAHR
10022571.0,WAHR,WAHR,WAHR,WAHR,WAHR,WAHR,WAHR,WAHR,WAHR,FALSCH,FALSCH,FALSCH,WAHR,WAHR,WAHR,WAHR,WAHR,WAHR,WAHR,WAHR,WAHR,WAHR,WAHR,WAHR
10023871.0,WAHR,WAHR,WAHR,WAHR,WAHR,WAHR,FALSCH,FALSCH,FALSCH,FALSCH,FALSCH,FALSCH,FALSCH,FALSCH,FALSCH,FALSCH,FALSCH,WAHR,WAHR,WAHR,WAHR,WAHR,WAHR,WAHR
10023872.0,WAHR,WAHR,WAHR,WAHR,WAHR,WAHR,WAHR,WAHR,WAHR,WAHR,WAHR,WAHR,WAHR,WAHR,FALSCH,FALSCH,FALSCH,FALSCH,FALSCH,FALSCH,FALSCH,FALSCH,WAHR,WAHR
10024802.0,WAHR,WAHR,WAHR,WAHR,WAHR,WAHR,WAHR,FALSCH,FALSCH,FALSCH,FALSCH,FALSCH,FALSCH,FALSCH,WAHR,WAHR,FALSCH,FALSCH,FALSCH,FALSCH,WAHR,WAHR,WAHR,WAHR
10026221.0,WAHR,WAHR,WAHR,WAHR,WAHR,WAHR,WAHR,WAHR,FALSCH,WAHR,WAHR,FALSCH,WAHR,WAHR,WAHR,WAHR,WAHR,WAHR,WAHR,WAHR,WAHR,WAHR,WAHR,WAHR
10028301.0,WAHR,WAHR,WAHR,WAHR,WAHR,WAHR,WAHR,WAHR,WAHR,WAHR,WAHR,WAHR,WAHR,WAHR,WAHR,FALSCH,WAHR,WAHR,WAHR,WAHR,WAHR,WAHR,WAHR,WAHR
10028621.0,WAHR,WAHR,WAHR,WAHR,WAHR,WAHR,WAHR,WAHR,WAHR,WAHR,WAHR,WAHR,FALSCH,FALSCH,WAHR,WAHR,WAHR,WAHR,WAHR,WAHR,WAHR,WAHR,WAHR,WAHR
10029192.0,WAHR,WAHR,WAHR,WAHR,WAHR,WAHR,WAHR,FALSCH,FALSCH,FALSCH,FALSCH,FALSCH,FALSCH,FALSCH,FALSCH,FALSCH,FALSCH,FALSCH,WAHR,WAHR,WAHR,WAHR,WAHR,WAHR
10031463.0,WAHR,WAHR,WAHR,WAHR,WAHR,WAHR,WAHR,WAHR,WAHR,WAHR,WAHR,WAHR,WAHR,WAHR,FALSCH,FALSCH,FALSCH,FALSCH,FALSCH,FALSCH,WAHR,WAHR,WAHR,WAHR
10032922.0,WAHR,WAHR,WAHR,WAHR,WAHR,WAHR,WAHR,WAHR,WAHR,WAHR,WAHR,WAHR,WAHR,WAHR,WAHR,WAHR,WAHR,FALSCH,WAHR,WAHR,WAHR,WAHR,WAHR,WAHR
10033901.0,WAHR,WAHR,WAHR,WAHR,WAHR,WAHR,WAHR,WAHR,WAHR,WAHR,WAHR,WAHR,WAHR,WAHR,WAHR,WAHR,WAHR,WAHR,WAHR,WAHR,FALSCH,FALSCH,FALSCH,WAHR
10035231.0,WAHR,WAHR,WAHR,WAHR,WAHR,WAHR,WAHR,FALSCH,FALSCH,WAHR,WAHR,WAHR,WAHR,WAHR,WAHR,WAHR,WAHR,WAHR,WAHR,WAHR,WAHR,WAHR,WAHR,WAHR
10035232.0,WAHR,WAHR,WAHR,WAHR,WAHR,WAHR,WAHR,FALSCH,FALSCH,WAHR,WAHR,WAHR,WAHR,WAHR,WAHR,WAHR,WAHR,WAHR,WAHR,WAHR,WAHR,WAHR,WAHR,WAHR
10035341.0,WAHR,WAHR,WAHR,WAHR,WAHR,WAHR,WAHR,WAHR,WAHR,WAHR,FALSCH,FALSCH,FALSCH,FALSCH,FALSCH,FALSCH,FALSCH,FALSCH,WAHR,WAHR,WAHR,WAHR,WAHR,WAHR
10035701.0,WAHR,WAHR,WAHR,WAHR,WAHR,WAHR,WAHR,WAHR,WAHR,WAHR,WAHR,WAHR,WAHR,FALSCH,FALSCH,FALSCH,FALSCH,FALSCH,FALSCH,FALSCH,FALSCH,FALSCH,FALSCH,FALSCH
10035871.0,WAHR,WAHR,WAHR,WAHR,WAHR,WAHR,FALSCH,FALSCH,FALSCH,FALSCH,FALSCH,FALSCH,FALSCH,FALSCH,FALSCH,FALSCH,FALSCH,FALSCH,FALSCH,FALSCH,FALSCH,WAHR,WAHR,WAHR
10035872.0,WAHR,WAHR,WAHR,WAHR,WAHR,WAHR,FALSCH,FALSCH,FALSCH,FALSCH,FALSCH,FALSCH,FALSCH,FALSCH,FALSCH,FALSCH,FALSCH,FALSCH,WAHR,WAHR,WAHR,WAHR,WAHR,WAHR
10036682.0,WAHR,WAHR,WAHR,WAHR,WAHR,WAHR,WAHR,WAHR,WAHR,WAHR,FALSCH,WAHR,WAHR,WAHR,WAHR,WAHR,WAHR,WAHR,WAHR,WAHR,WAHR,WAHR,WAHR,WAHR
10036821.0,WAHR,WAHR,WAHR,WAHR,WAHR,WAHR,WAHR,WAHR,WAHR,FALSCH,FALSCH,FALSCH,FALSCH,FALSCH,WAHR,WAHR,WAHR,WAHR,WAHR,WAHR,WAHR,WAHR,WAHR,WAHR
10040081.0,WAHR,WAHR,WAHR,WAHR,WAHR,WAHR,WAHR,WAHR,WAHR,FALSCH,FALSCH,WAHR,FALSCH,FALSCH,FALSCH,FALSCH,FALSCH,FALSCH,WAHR,FALSCH,FALSCH,WAHR,WAHR,WAHR
10040082.0,WAHR,WAHR,WAHR,WAHR,WAHR,WAHR,WAHR,WAHR,WAHR,WAHR,WAHR,WAHR,FALSCH,FALSCH,FALSCH,FALSCH,FALSCH,FALSCH,WAHR,FALSCH,FALSCH,WAHR,WAHR,WAHR
10040841.0,WAHR,WAHR,WAHR,WAHR,WAHR,WAHR,WAHR,WAHR,WAHR,FALSCH,FALSCH,FALSCH,FALSCH,FALSCH,FALSCH,FALSCH,FALSCH,FALSCH,WAHR,WAHR,WAHR,WAHR,WAHR,WAHR
10040842.0,WAHR,WAHR,WAHR,WAHR,WAHR,WAHR,WAHR,WAHR,WAHR,FALSCH,FALSCH,FALSCH,FALSCH,FALSCH,FALSCH,FALSCH,FALSCH,WAHR,WAHR,WAHR,WAHR,WAHR,WAHR,WAHR
10040901.0,WAHR,WAHR,WAHR,WAHR,WAHR,WAHR,WAHR,WAHR,FALSCH,FALSCH,FALSCH,FALSCH,FALSCH,FALSCH,WAHR,WAHR,WAHR,WAHR,WAHR,WAHR,WAHR,WAHR,WAHR,WAHR
10040902.0,WAHR,WAHR,WAHR,WAHR,WAHR,WAHR,WAHR,FALSCH,FALSCH,FALSCH,FALSCH,FALSCH,FALSCH,FALSCH,FALSCH,FALSCH,FALSCH,FALSCH,FALSCH,WAHR,WAHR,WAHR,WAHR,WAHR
10040903.0,WAHR,WAHR,WAHR,WAHR,WAHR,WAHR,WAHR,WAHR,WAHR,WAHR,WAHR,WAHR,WAHR,WAHR,WAHR,WAHR,WAHR,WAHR,WAHR,WAHR,WAHR,WAHR,WAHR,WAHR
10040904.0,WAHR,WAHR,WAHR,WAHR,WAHR,WAHR,WAHR,WAHR,WAHR,WAHR,WAHR,WAHR,WAHR,WAHR,WAHR,WAHR,FALSCH,FALSCH,FALSCH,WAHR,WAHR,WAHR,WAHR,WAHR
10040905.0,WAHR,WAHR,WAHR,WAHR,WAHR,WAHR,WAHR,WAHR,FALSCH,FALSCH,FALSCH,FALSCH,FALSCH,FALSCH,WAHR,WAHR,WAHR,WAHR,WAHR,WAHR,WAHR,WAHR,WAHR,WAHR
10041391.0,WAHR,WAHR,WAHR,WAHR,WAHR,WAHR,WAHR,WAHR,WAHR,WAHR,WAHR,WAHR,WAHR,WAHR,WAHR,WAHR,FALSCH,WAHR,WAHR,WAHR,WAHR,WAHR,WAHR,WAHR
10041392.0,WAHR,WAHR,WAHR,WAHR,WAHR,WAHR,WAHR,WAHR,FALSCH,FALSCH,FALSCH,FALSCH,FALSCH,FALSCH,FALSCH,FALSCH,FALSCH,FALSCH,WAHR,WAHR,WAHR,WAHR,WAHR,WAHR
10041781.0,WAHR,WAHR,WAHR,WAHR,WAHR,WAHR,WAHR,FALSCH,FALSCH,FALSCH,FALSCH,FALSCH,FALSCH,FALSCH,FALSCH,FALSCH,FALSCH,FALSCH,WAHR,WAHR,WAHR,WAHR,WAHR,WAHR
10042012.0,WAHR,WAHR,WAHR,WAHR,WAHR,WAHR,FALSCH,FALSCH,FALSCH,FALSCH,FALSCH,FALSCH,FALSCH,FALSCH,WAHR,WAHR,WAHR,WAHR,WAHR,WAHR,WAHR,WAHR,WAHR,WAHR
10043231.0,WAHR,WAHR,WAHR,WAHR,WAHR,WAHR,WAHR,WAHR,WAHR,WAHR,WAHR,WAHR,WAHR,FALSCH,FALSCH,FALSCH,FALSCH,WAHR,WAHR,WAHR,WAHR,WAHR,WAHR,WAHR
10043232.0,WAHR,WAHR,WAHR,WAHR,WAHR,WAHR,WAHR,WAHR,WAHR,WAHR,WAHR,WAHR,WAHR,WAHR,WAHR,FALSCH,FALSCH,WAHR,WAHR,WAHR,WAHR,WAHR,WAHR,WAHR
10044691.0,WAHR,WAHR,WAHR,WAHR,WAHR,WAHR,WAHR,WAHR,WAHR,WAHR,WAHR,WAHR,WAHR,WAHR,WAHR,WAHR,WAHR,WAHR,WAHR,WAHR,WAHR,WAHR,WAHR,WAHR
10044692.0,WAHR,WAHR,WAHR,WAHR,WAHR,WAHR,WAHR,WAHR,WAHR,WAHR,WAHR,WAHR,WAHR,FALSCH,FALSCH,WAHR,WAHR,WAHR,WAHR,WAHR,WAHR,WAHR,WAHR,WAHR
10047471.0,WAHR,WAHR,WAHR,WAHR,WAHR,WAHR,WAHR,WAHR,WAHR,WAHR,WAHR,FALSCH,FALSCH,WAHR,FALSCH,WAHR,WAHR,WAHR,WAHR,WAHR,WAHR,WAHR,WAHR,WAHR
10048341.0,WAHR,WAHR,WAHR,WAHR,WAHR,WAHR,WAHR,WAHR,WAHR,WAHR,FALSCH,WAHR,FALSCH,FALSCH,FALSCH,FALSCH,FALSCH,FALSCH,WAHR,WAHR,WAHR,WAHR,WAHR,WAHR
10049082.0,WAHR,WAHR,WAHR,WAHR,WAHR,WAHR,WAHR,FALSCH,FALSCH,FALSCH,WAHR,WAHR,WAHR,WAHR,WAHR,WAHR,WAHR,WAHR,WAHR,WAHR,WAHR,WAHR,WAHR,WAHR
10054451.0,WAHR,WAHR,WAHR,WAHR,WAHR,WAHR,WAHR,FALSCH,FALSCH,FALSCH,FALSCH,FALSCH,FALSCH,WAHR,FALSCH,FALSCH,FALSCH,FALSCH,FALSCH,FALSCH,FALSCH,WAHR,WAHR,WAHR
10054452.0,WAHR,WAHR,WAHR,WAHR,WAHR,WAHR,WAHR,FALSCH,FALSCH,FALSCH,FALSCH,FALSCH,FALSCH,FALSCH,FALSCH,FALSCH,FALSCH,WAHR,WAHR,WAHR,FALSCH,WAHR,WAHR,WAHR
10054453.0,WAHR,WAHR,WAHR,WAHR,WAHR,WAHR,WAHR,FALSCH,FALSCH,FALSCH,FALSCH,FALSCH,FALSCH,FALSCH,FALSCH,FALSCH,FALSCH,FALSCH,FALSCH,FALSCH,FALSCH,WAHR,WAHR,WAHR
10054454.0,WAHR,WAHR,WAHR,WAHR,WAHR,WAHR,WAHR,FALSCH,FALSCH,FALSCH,FALSCH,FALSCH,FALSCH,FALSCH,FALSCH,FALSCH,FALSCH,FALSCH,FALSCH,FALSCH,FALSCH,WAHR,WAHR,WAHR
10055421.0,WAHR,WAHR,WAHR,WAHR,WAHR,WAHR,WAHR,WAHR,WAHR,WAHR,WAHR,WAHR,FALSCH,WAHR,WAHR,WAHR,WAHR,WAHR,WAHR,WAHR,WAHR,WAHR,WAHR,WAHR
10056171.0,WAHR,WAHR,WAHR,WAHR,WAHR,WAHR,WAHR,WAHR,WAHR,WAHR,WAHR,WAHR,WAHR,FALSCH,FALSCH,WAHR,WAHR,WAHR,WAHR,WAHR,WAHR,WAHR,WAHR,WAHR
10056172.0,WAHR,WAHR,WAHR,WAHR,WAHR,WAHR,WAHR,WAHR,WAHR,WAHR,WAHR,FALSCH,WAHR,WAHR,WAHR,WAHR,WAHR,WAHR,WAHR,WAHR,WAHR,WAHR,WAHR,WAHR
10057811.0,WAHR,WAHR,WAHR,WAHR,WAHR,WAHR,WAHR,WAHR,WAHR,WAHR,WAHR,WAHR,WAHR,WAHR,WAHR,WAHR,WAHR,WAHR,WAHR,FALSCH,WAHR,WAHR,WAHR,WAHR
10057812.0,WAHR,WAHR,WAHR,WAHR,WAHR,WAHR,WAHR,WAHR,WAHR,WAHR,WAHR,WAHR,WAHR,WAHR,WAHR,WAHR,FALSCH,FALSCH,FALSCH,WAHR,WAHR,WAHR,WAHR,WAHR
10059431.0,WAHR,WAHR,WAHR,WAHR,WAHR,WAHR,WAHR,WAHR,WAHR,WAHR,WAHR,FALSCH,WAHR,WAHR,FALSCH,WAHR,WAHR,WAHR,WAHR,WAHR,WAHR,WAHR,WAHR,WAHR
10060661.0,WAHR,WAHR,WAHR,WAHR,WAHR,WAHR,WAHR,WAHR,WAHR,WAHR,WAHR,WAHR,WAHR,WAHR,WAHR,WAHR,WAHR,WAHR,WAHR,WAHR,WAHR,WAHR,WAHR,WAHR
10060662.0,WAHR,WAHR,WAHR,WAHR,WAHR,WAHR,WAHR,FALSCH,FALSCH,FALSCH,FALSCH,FALSCH,FALSCH,FALSCH,FALSCH,FALSCH,FALSCH,FALSCH,WAHR,WAHR,FALSCH,FALSCH,FALSCH,WAHR
10061001.0,WAHR,WAHR,WAHR,WAHR,WAHR,WAHR,WAHR,WAHR,WAHR,WAHR,WAHR,FALSCH,WAHR,WAHR,WAHR,WAHR,WAHR,WAHR,WAHR,WAHR,WAHR,WAHR,WAHR,WAHR
10061002.0,WAHR,WAHR,WAHR,WAHR,WAHR,WAHR,WAHR,WAHR,WAHR,WAHR,WAHR,FALSCH,WAHR,WAHR,WAHR,WAHR,WAHR,WAHR,WAHR,WAHR,WAHR,WAHR,WAHR,WAHR
10061771.0,WAHR,WAHR,WAHR,WAHR,WAHR,WAHR,WAHR,WAHR,WAHR,WAHR,WAHR,WAHR,WAHR,WAHR,WAHR,WAHR,WAHR,FALSCH,WAHR,WAHR,WAHR,WAHR,WAHR,WAHR
10062102.0,WAHR,WAHR,WAHR,WAHR,WAHR,FALSCH,FALSCH,FALSCH,FALSCH,FALSCH,FALSCH,FALSCH,FALSCH,WAHR,WAHR,WAHR,FALSCH,WAHR,WAHR,WAHR,WAHR,WAHR,WAHR,WAHR
10062103.0,WAHR,WAHR,WAHR,WAHR,WAHR,WAHR,WAHR,WAHR,WAHR,WAHR,WAHR,WAHR,WAHR,WAHR,WAHR,WAHR,FALSCH,WAHR,WAHR,WAHR,WAHR,WAHR,WAHR,WAHR
10066162.0,WAHR,WAHR,WAHR,WAHR,WAHR,WAHR,WAHR,WAHR,WAHR,WAHR,WAHR,WAHR,WAHR,WAHR,FALSCH,WAHR,WAHR,WAHR,WAHR,WAHR,WAHR,WAHR,WAHR,WAHR
10067301.0,WAHR,WAHR,WAHR,WAHR,WAHR,WAHR,WAHR,WAHR,WAHR,WAHR,FALSCH,WAHR,WAHR,WAHR,WAHR,WAHR,WAHR,WAHR,WAHR,WAHR,WAHR,WAHR,WAHR,WAHR
10067711.0,WAHR,WAHR,WAHR,WAHR,WAHR,WAHR,WAHR,WAHR,WAHR,WAHR,WAHR,WAHR,WAHR,WAHR,FALSCH,FALSCH,FALSCH,WAHR,WAHR,WAHR,WAHR,WAHR,WAHR,WAHR
10067712.0,WAHR,WAHR,WAHR,WAHR,WAHR,WAHR,WAHR,WAHR,WAHR,WAHR,WAHR,WAHR,WAHR,WAHR,FALSCH,FALSCH,FALSCH,WAHR,WAHR,WAHR,WAHR,WAHR,WAHR,WAHR
10067741.0,WAHR,WAHR,WAHR,WAHR,WAHR,WAHR,WAHR,WAHR,WAHR,WAHR,WAHR,WAHR,WAHR,FALSCH,FALSCH,FALSCH,FALSCH,FALSCH,FALSCH,FALSCH,FALSCH,FALSCH,FALSCH,WAHR
10068171.0,WAHR,WAHR,WAHR,WAHR,WAHR,WAHR,WAHR,WAHR,WAHR,WAHR,FALSCH,FALSCH,WAHR,WAHR,WAHR,WAHR,WAHR,WAHR,WAHR,WAHR,WAHR,WAHR,WAHR,WAHR
10068172.0,WAHR,WAHR,WAHR,WAHR,WAHR,WAHR,WAHR,WAHR,WAHR,FALSCH,FALSCH,FALSCH,FALSCH,FALSCH,FALSCH,FALSCH,WAHR,WAHR,WAHR,WAHR,WAHR,WAHR,WAHR,WAHR
10068231.0,WAHR,WAHR,WAHR,WAHR,WAHR,WAHR,WAHR,WAHR,WAHR,WAHR,WAHR,WAHR,WAHR,WAHR,WAHR,WAHR,WAHR,WAHR,FALSCH,FALSCH,FALSCH,FALSCH,FALSCH,WAHR
10068232.0,WAHR,WAHR,WAHR,WAHR,WAHR,WAHR,WAHR,WAHR,WAHR,WAHR,WAHR,WAHR,WAHR,WAHR,WAHR,WAHR,WAHR,WAHR,FALSCH,FALSCH,FALSCH,FALSCH,FALSCH,WAHR
10068233.0,WAHR,WAHR,WAHR,WAHR,WAHR,WAHR,WAHR,WAHR,WAHR,WAHR,FALSCH,WAHR,WAHR,WAHR,WAHR,WAHR,WAHR,WAHR,WAHR,WAHR,WAHR,WAHR,WAHR,WAHR
10069581.0,WAHR,WAHR,WAHR,WAHR,WAHR,FALSCH,FALSCH,FALSCH,FALSCH,FALSCH,FALSCH,FALSCH,FALSCH,FALSCH,FALSCH,FALSCH,FALSCH,FALSCH,FALSCH,WAHR,WAHR,WAHR,WAHR,WAHR
10069582.0,WAHR,WAHR,WAHR,WAHR,WAHR,WAHR,WAHR,WAHR,WAHR,WAHR,WAHR,WAHR,WAHR,WAHR,WAHR,WAHR,FALSCH,WAHR,WAHR,WAHR,WAHR,WAHR,WAHR,WAHR
10070391.0,WAHR,WAHR,WAHR,WAHR,WAHR,WAHR,WAHR,WAHR,WAHR,WAHR,WAHR,WAHR,WAHR,WAHR,WAHR,FALSCH,FALSCH,FALSCH,WAHR,WAHR,WAHR,WAHR,WAHR,WAHR
10070392.0,WAHR,WAHR,WAHR,WAHR,WAHR,WAHR,WAHR,WAHR,WAHR,WAHR,WAHR,WAHR,WAHR,WAHR,WAHR,FALSCH,FALSCH,FALSCH,WAHR,WAHR,WAHR,WAHR,WAHR,WAHR
10070393.0,WAHR,WAHR,WAHR,WAHR,WAHR,WAHR,WAHR,WAHR,WAHR,WAHR,WAHR,WAHR,WAHR,WAHR,WAHR,FALSCH,FALSCH,FALSCH,WAHR,WAHR,WAHR,WAHR,WAHR,WAHR
10072111.0,WAHR,WAHR,WAHR,WAHR,WAHR,WAHR,WAHR,WAHR,WAHR,WAHR,WAHR,FALSCH,FALSCH,WAHR,WAHR,WAHR,WAHR,WAHR,WAHR,WAHR,WAHR,WAHR,WAHR,WAHR
10072821.0,WAHR,WAHR,WAHR,WAHR,WAHR,WAHR,WAHR,WAHR,WAHR,WAHR,WAHR,FALSCH,FALSCH,WAHR,WAHR,WAHR,WAHR,WAHR,WAHR,WAHR,WAHR,WAHR,WAHR,WAHR
10073272.0,WAHR,WAHR,WAHR,WAHR,WAHR,WAHR,WAHR,WAHR,WAHR,FALSCH,FALSCH,FALSCH,FALSCH,FALSCH,FALSCH,FALSCH,FALSCH,FALSCH,FALSCH,WAHR,WAHR,WAHR,WAHR,WAHR
10073331.0,WAHR,WAHR,WAHR,WAHR,WAHR,WAHR,WAHR,WAHR,WAHR,WAHR,WAHR,WAHR,WAHR,FALSCH,FALSCH,FALSCH,FALSCH,FALSCH,WAHR,WAHR,WAHR,WAHR,WAHR,WAHR
10075601.0,WAHR,WAHR,WAHR,WAHR,WAHR,WAHR,WAHR,WAHR,WAHR,WAHR,WAHR,WAHR,WAHR,WAHR,WAHR,WAHR,FALSCH,WAHR,WAHR,WAHR,WAHR,WAHR,WAHR,WAHR
10077261.0,WAHR,WAHR,WAHR,WAHR,WAHR,FALSCH,FALSCH,FALSCH,FALSCH,FALSCH,FALSCH,FALSCH,FALSCH,FALSCH,FALSCH,WAHR,WAHR,WAHR,WAHR,WAHR,WAHR,WAHR,WAHR,WAHR
10077262.0,WAHR,WAHR,WAHR,WAHR,WAHR,WAHR,WAHR,WAHR,WAHR,WAHR,WAHR,WAHR,WAHR,WAHR,FALSCH,FALSCH,WAHR,WAHR,WAHR,WAHR,WAHR,WAHR,WAHR,WAHR
10078751.0,WAHR,WAHR,WAHR,WAHR,WAHR,WAHR,WAHR,WAHR,FALSCH,FALSCH,FALSCH,FALSCH,FALSCH,FALSCH,WAHR,WAHR,WAHR,FALSCH,FALSCH,FALSCH,FALSCH,WAHR,WAHR,WAHR
10078811.0,WAHR,WAHR,WAHR,WAHR,WAHR,WAHR,WAHR,WAHR,WAHR,WAHR,WAHR,WAHR,WAHR,WAHR,FALSCH,FALSCH,WAHR,WAHR,WAHR,WAHR,WAHR,WAHR,WAHR,WAHR
10079061.0,WAHR,WAHR,WAHR,WAHR,WAHR,WAHR,WAHR,WAHR,WAHR,WAHR,WAHR,WAHR,WAHR,WAHR,WAHR,WAHR,WAHR,WAHR,WAHR,WAHR,FALSCH,FALSCH,FALSCH,WAHR
10079062.0,WAHR,WAHR,WAHR,WAHR,WAHR,WAHR,WAHR,WAHR,WAHR,WAHR,WAHR,FALSCH,FALSCH,FALSCH,FALSCH,FALSCH,FALSCH,FALSCH,FALSCH,FALSCH,FALSCH,FALSCH,FALSCH,WAHR
10081522.0,WAHR,WAHR,WAHR,WAHR,WAHR,WAHR,WAHR,WAHR,FALSCH,FALSCH,FALSCH,FALSCH,WAHR,WAHR,FALSCH,FALSCH,FALSCH,WAHR,WAHR,WAHR,WAHR,WAHR,WAHR,WAHR
10082111.0,WAHR,WAHR,WAHR,WAHR,WAHR,WAHR,WAHR,WAHR,WAHR,WAHR,WAHR,WAHR,WAHR,WAHR,WAHR,WAHR,FALSCH,FALSCH,FALSCH,FALSCH,WAHR,WAHR,WAHR,WAHR
10082112.0,WAHR,WAHR,WAHR,WAHR,WAHR,WAHR,WAHR,WAHR,WAHR,FALSCH,WAHR,WAHR,WAHR,WAHR,WAHR,WAHR,WAHR,WAHR,WAHR,WAHR,WAHR,WAHR,WAHR,WAHR
10083361.0,WAHR,WAHR,WAHR,WAHR,WAHR,WAHR,WAHR,WAHR,FALSCH,FALSCH,FALSCH,FALSCH,WAHR,WAHR,WAHR,WAHR,WAHR,WAHR,WAHR,WAHR,WAHR,WAHR,WAHR,WAHR
10083362.0,WAHR,WAHR,WAHR,WAHR,WAHR,WAHR,WAHR,WAHR,WAHR,WAHR,WAHR,FALSCH,WAHR,WAHR,WAHR,WAHR,WAHR,WAHR,WAHR,WAHR,WAHR,WAHR,WAHR,WAHR
10086211.0,WAHR,WAHR,WAHR,WAHR,WAHR,WAHR,WAHR,FALSCH,FALSCH,FALSCH,FALSCH,FALSCH,FALSCH,FALSCH,FALSCH,FALSCH,FALSCH,FALSCH,FALSCH,WAHR,WAHR,WAHR,WAHR,WAHR
10087141.0,WAHR,WAHR,WAHR,WAHR,WAHR,WAHR,WAHR,WAHR,WAHR,FALSCH,FALSCH,FALSCH,WAHR,WAHR,WAHR,WAHR,WAHR,WAHR,WAHR,WAHR,WAHR,WAHR,WAHR,WAHR
10087143.0,WAHR,WAHR,WAHR,WAHR,WAHR,WAHR,WAHR,WAHR,WAHR,FALSCH,FALSCH,FALSCH,WAHR,WAHR,WAHR,WAHR,WAHR,WAHR,WAHR,WAHR,WAHR,WAHR,WAHR,WAHR
10089001.0,WAHR,WAHR,WAHR,WAHR,WAHR,WAHR,WAHR,FALSCH,FALSCH,FALSCH,FALSCH,FALSCH,FALSCH,FALSCH,FALSCH,FALSCH,FALSCH,WAHR,WAHR,WAHR,WAHR,WAHR,WAHR,WAHR
10089841.0,WAHR,WAHR,WAHR,WAHR,WAHR,WAHR,WAHR,WAHR,WAHR,WAHR,WAHR,WAHR,WAHR,WAHR,WAHR,FALSCH,FALSCH,FALSCH,WAHR,WAHR,WAHR,WAHR,WAHR,WAHR
10089842.0,WAHR,WAHR,WAHR,WAHR,WAHR,WAHR,WAHR,WAHR,WAHR,WAHR,WAHR,WAHR,WAHR,WAHR,WAHR,WAHR,WAHR,WAHR,FALSCH,FALSCH,FALSCH,FALSCH,WAHR,WAHR
10091061.0,WAHR,WAHR,WAHR,WAHR,WAHR,WAHR,FALSCH,FALSCH,FALSCH,FALSCH,FALSCH,FALSCH,FALSCH,WAHR,WAHR,WAHR,WAHR,WAHR,WAHR,WAHR,WAHR,WAHR,WAHR,WAHR
10091062.0,WAHR,WAHR,WAHR,WAHR,WAHR,WAHR,WAHR,FALSCH,FALSCH,FALSCH,FALSCH,FALSCH,FALSCH,FALSCH,WAHR,WAHR,WAHR,FALSCH,WAHR,WAHR,WAHR,WAHR,WAHR,WAHR
10091151.0,WAHR,WAHR,WAHR,WAHR,WAHR,WAHR,FALSCH,FALSCH,FALSCH,FALSCH,FALSCH,FALSCH,FALSCH,FALSCH,FALSCH,FALSCH,FALSCH,FALSCH,WAHR,WAHR,WAHR,WAHR,WAHR,WAHR
10091152.0,WAHR,WAHR,WAHR,WAHR,WAHR,WAHR,WAHR,WAHR,WAHR,WAHR,WAHR,WAHR,WAHR,WAHR,FALSCH,FALSCH,FALSCH,FALSCH,WAHR,WAHR,WAHR,WAHR,WAHR,WAHR
10091153.0,WAHR,WAHR,WAHR,WAHR,WAHR,WAHR,FALSCH,FALSCH,FALSCH,FALSCH,FALSCH,FALSCH,FALSCH,FALSCH,FALSCH,WAHR,WAHR,WAHR,WAHR,WAHR,WAHR,WAHR,WAHR,WAHR
10093701.0,WAHR,WAHR,WAHR,WAHR,WAHR,WAHR,WAHR,WAHR,WAHR,FALSCH,FALSCH,FALSCH,WAHR,WAHR,WAHR,WAHR,WAHR,WAHR,WAHR,WAHR,WAHR,WAHR,WAHR,WAHR
10094491.0,WAHR,WAHR,WAHR,WAHR,WAHR,WAHR,WAHR,WAHR,WAHR,WAHR,FALSCH,FALSCH,FALSCH,WAHR,FALSCH,FALSCH,FALSCH,FALSCH,WAHR,WAHR,WAHR,WAHR,WAHR,WAHR
10094492.0,WAHR,WAHR,WAHR,WAHR,WAHR,WAHR,WAHR,WAHR,WAHR,WAHR,FALSCH,FALSCH,FALSCH,FALSCH,FALSCH,FALSCH,FALSCH,FALSCH,WAHR,WAHR,WAHR,WAHR,WAHR,WAHR
10096441.0,WAHR,WAHR,WAHR,WAHR,WAHR,WAHR,WAHR,WAHR,WAHR,WAHR,WAHR,FALSCH,WAHR,WAHR,WAHR,WAHR,WAHR,FALSCH,FALSCH,FALSCH,WAHR,WAHR,WAHR,WAHR
10098521.0,WAHR,WAHR,WAHR,WAHR,WAHR,WAHR,WAHR,WAHR,WAHR,WAHR,WAHR,WAHR,WAHR,WAHR,WAHR,WAHR,WAHR,WAHR,WAHR,WAHR,WAHR,WAHR,WAHR,WAHR
10099914.0,WAHR,WAHR,WAHR,WAHR,WAHR,WAHR,WAHR,WAHR,FALSCH,FALSCH,FALSCH,FALSCH,FALSCH,WAHR,WAHR,WAHR,WAHR,WAHR,WAHR,WAHR,WAHR,WAHR,WAHR,WAHR
10101852.0,WAHR,WAHR,WAHR,WAHR,WAHR,WAHR,WAHR,FALSCH,FALSCH,FALSCH,FALSCH,FALSCH,WAHR,WAHR,WAHR,WAHR,WAHR,WAHR,WAHR,WAHR,WAHR,WAHR,WAHR,WAHR
10102051.0,WAHR,WAHR,WAHR,WAHR,WAHR,WAHR,WAHR,WAHR,WAHR,WAHR,WAHR,WAHR,WAHR,WAHR,WAHR,WAHR,WAHR,WAHR,WAHR,WAHR,WAHR,WAHR,WAHR,WAHR
10102711.0,WAHR,WAHR,WAHR,WAHR,WAHR,WAHR,WAHR,WAHR,WAHR,WAHR,FALSCH,WAHR,WAHR,WAHR,WAHR,WAHR,WAHR,WAHR,WAHR,WAHR,WAHR,WAHR,WAHR,WAHR
10102712.0,WAHR,WAHR,WAHR,WAHR,WAHR,WAHR,WAHR,WAHR,FALSCH,WAHR,FALSCH,FALSCH,FALSCH,WAHR,WAHR,WAHR,WAHR,WAHR,WAHR,WAHR,WAHR,WAHR,WAHR,WAHR
10103741.0,WAHR,WAHR,WAHR,WAHR,WAHR,WAHR,WAHR,WAHR,WAHR,WAHR,WAHR,WAHR,WAHR,WAHR,WAHR,WAHR,WAHR,WAHR,FALSCH,FALSCH,FALSCH,WAHR,WAHR,WAHR
10103742.0,WAHR,WAHR,WAHR,WAHR,WAHR,WAHR,WAHR,WAHR,WAHR,WAHR,WAHR,WAHR,WAHR,WAHR,WAHR,WAHR,WAHR,WAHR,FALSCH,FALSCH,FALSCH,WAHR,WAHR,WAHR
10107101.0,WAHR,WAHR,WAHR,WAHR,WAHR,WAHR,WAHR,WAHR,WAHR,WAHR,WAHR,WAHR,WAHR,WAHR,WAHR,WAHR,FALSCH,FALSCH,FALSCH,WAHR,WAHR,WAHR,WAHR,WAHR
10107102.0,WAHR,WAHR,WAHR,WAHR,WAHR,WAHR,WAHR,WAHR,WAHR,WAHR,WAHR,WAHR,WAHR,WAHR,WAHR,WAHR,FALSCH,FALSCH,FALSCH,WAHR,WAHR,WAHR,WAHR,WAHR
10108931.0,WAHR,WAHR,WAHR,WAHR,WAHR,WAHR,FALSCH,FALSCH,FALSCH,FALSCH,FALSCH,FALSCH,FALSCH,FALSCH,FALSCH,FALSCH,FALSCH,FALSCH,FALSCH,FALSCH,FALSCH,WAHR,WAHR,WAHR
10108932.0,WAHR,WAHR,WAHR,WAHR,WAHR,WAHR,WAHR,FALSCH,FALSCH,FALSCH,FALSCH,FALSCH,FALSCH,FALSCH,FALSCH,FALSCH,FALSCH,FALSCH,FALSCH,FALSCH,FALSCH,WAHR,WAHR,WAHR
10109041.0,WAHR,WAHR,WAHR,WAHR,WAHR,WAHR,WAHR,FALSCH,FALSCH,FALSCH,FALSCH,FALSCH,FALSCH,FALSCH,FALSCH,FALSCH,FALSCH,FALSCH,FALSCH,FALSCH,WAHR,WAHR,WAHR,WAHR
10109042.0,WAHR,WAHR,WAHR,WAHR,WAHR,WAHR,WAHR,WAHR,FALSCH,FALSCH,WAHR,WAHR,WAHR,WAHR,WAHR,WAHR,WAHR,WAHR,WAHR,WAHR,WAHR,WAHR,WAHR,WAHR
10109043.0,WAHR,WAHR,WAHR,WAHR,WAHR,WAHR,WAHR,WAHR,WAHR,WAHR,WAHR,WAHR,WAHR,WAHR,WAHR,FALSCH,WAHR,WAHR,WAHR,WAHR,WAHR,WAHR,WAHR,WAHR
10109461.0,WAHR,WAHR,WAHR,WAHR,WAHR,WAHR,WAHR,WAHR,WAHR,WAHR,WAHR,WAHR,WAHR,FALSCH,FALSCH,FALSCH,FALSCH,WAHR,WAHR,WAHR,WAHR,WAHR,WAHR,WAHR
10110001.0,WAHR,WAHR,WAHR,WAHR,WAHR,WAHR,WAHR,WAHR,FALSCH,FALSCH,FALSCH,FALSCH,FALSCH,FALSCH,FALSCH,FALSCH,FALSCH,FALSCH,FALSCH,FALSCH,FALSCH,WAHR,WAHR,WAHR
10110421.0,WAHR,WAHR,WAHR,WAHR,WAHR,WAHR,WAHR,WAHR,WAHR,WAHR,WAHR,WAHR,FALSCH,FALSCH,FALSCH,WAHR,WAHR,WAHR,WAHR,WAHR,WAHR,WAHR,WAHR,WAHR
10110771.0,WAHR,WAHR,WAHR,WAHR,WAHR,WAHR,WAHR,WAHR,WAHR,FALSCH,WAHR,WAHR,WAHR,WAHR,WAHR,WAHR,FALSCH,FALSCH,FALSCH,FALSCH,FALSCH,FALSCH,WAHR,WAHR
10110781.0,WAHR,WAHR,WAHR,WAHR,WAHR,WAHR,WAHR,WAHR,WAHR,WAHR,WAHR,WAHR,WAHR,WAHR,WAHR,WAHR,FALSCH,FALSCH,FALSCH,FALSCH,WAHR,WAHR,WAHR,WAHR
10110782.0,WAHR,WAHR,WAHR,WAHR,WAHR,WAHR,WAHR,WAHR,WAHR,WAHR,WAHR,WAHR,WAHR,WAHR,WAHR,WAHR,FALSCH,FALSCH,FALSCH,FALSCH,WAHR,WAHR,WAHR,WAHR
10110783.0,WAHR,WAHR,WAHR,WAHR,WAHR,WAHR,WAHR,WAHR,WAHR,WAHR,WAHR,WAHR,WAHR,WAHR,WAHR,WAHR,FALSCH,FALSCH,FALSCH,FALSCH,WAHR,WAHR,WAHR,WAHR
10113112.0,WAHR,WAHR,WAHR,WAHR,WAHR,WAHR,WAHR,WAHR,FALSCH,FALSCH,FALSCH,FALSCH,FALSCH,FALSCH,FALSCH,WAHR,WAHR,WAHR,WAHR,WAHR,WAHR,WAHR,WAHR,WAHR
10113113.0,WAHR,WAHR,WAHR,WAHR,WAHR,WAHR,WAHR,WAHR,FALSCH,FALSCH,FALSCH,FALSCH,FALSCH,FALSCH,FALSCH,WAHR,WAHR,WAHR,WAHR,WAHR,WAHR,WAHR,WAHR,WAHR
10113114.0,WAHR,WAHR,WAHR,WAHR,WAHR,WAHR,WAHR,WAHR,FALSCH,FALSCH,FALSCH,FALSCH,FALSCH,FALSCH,FALSCH,WAHR,WAHR,WAHR,WAHR,WAHR,WAHR,WAHR,WAHR,WAHR
10116411.0,WAHR,WAHR,WAHR,WAHR,WAHR,WAHR,WAHR,WAHR,FALSCH,FALSCH,FALSCH,FALSCH,FALSCH,FALSCH,FALSCH,FALSCH,FALSCH,WAHR,WAHR,WAHR,WAHR,WAHR,WAHR,WAHR
10117081.0,WAHR,WAHR,WAHR,WAHR,WAHR,WAHR,FALSCH,FALSCH,FALSCH,FALSCH,FALSCH,FALSCH,FALSCH,FALSCH,FALSCH,FALSCH,FALSCH,FALSCH,WAHR,WAHR,WAHR,WAHR,WAHR,WAHR
10117311.0,WAHR,WAHR,WAHR,WAHR,WAHR,WAHR,WAHR,WAHR,WAHR,FALSCH,FALSCH,FALSCH,WAHR,FALSCH,FALSCH,FALSCH,FALSCH,FALSCH,FALSCH,FALSCH,WAHR,WAHR,WAHR,WAHR
10118031.0,WAHR,WAHR,WAHR,WAHR,WAHR,WAHR,WAHR,WAHR,WAHR,FALSCH,FALSCH,FALSCH,FALSCH,FALSCH,FALSCH,FALSCH,FALSCH,FALSCH,WAHR,WAHR,WAHR,WAHR,WAHR,WAHR
10119781.0,WAHR,WAHR,WAHR,WAHR,WAHR,WAHR,WAHR,WAHR,WAHR,WAHR,WAHR,WAHR,WAHR,WAHR,WAHR,WAHR,WAHR,WAHR,WAHR,WAHR,WAHR,WAHR,WAHR,WAHR
10119782.0,WAHR,WAHR,WAHR,WAHR,WAHR,WAHR,WAHR,FALSCH,FALSCH,FALSCH,FALSCH,FALSCH,FALSCH,FALSCH,FALSCH,WAHR,WAHR,WAHR,WAHR,WAHR,WAHR,WAHR,WAHR,WAHR
10120021.0,WAHR,WAHR,WAHR,WAHR,WAHR,WAHR,WAHR,WAHR,WAHR,WAHR,WAHR,WAHR,WAHR,WAHR,WAHR,WAHR,WAHR,FALSCH,FALSCH,WAHR,WAHR,WAHR,WAHR,WAHR
10120352.0,WAHR,WAHR,WAHR,WAHR,WAHR,WAHR,WAHR,WAHR,WAHR,FALSCH,FALSCH,WAHR,WAHR,WAHR,WAHR,WAHR,WAHR,WAHR,WAHR,WAHR,WAHR,WAHR,WAHR,WAHR
10122321.0,WAHR,WAHR,WAHR,WAHR,WAHR,WAHR,WAHR,WAHR,WAHR,WAHR,WAHR,WAHR,WAHR,WAHR,WAHR,WAHR,WAHR,WAHR,WAHR,WAHR,WAHR,WAHR,WAHR,WAHR
10122771.0,WAHR,WAHR,WAHR,WAHR,WAHR,WAHR,WAHR,WAHR,WAHR,FALSCH,FALSCH,FALSCH,FALSCH,FALSCH,FALSCH,FALSCH,WAHR,WAHR,WAHR,WAHR,WAHR,WAHR,WAHR,WAHR
10122772.0,WAHR,WAHR,WAHR,WAHR,WAHR,WAHR,WAHR,WAHR,FALSCH,WAHR,WAHR,WAHR,WAHR,WAHR,WAHR,FALSCH,FALSCH,WAHR,WAHR,WAHR,WAHR,WAHR,WAHR,WAHR
10122773.0,WAHR,WAHR,WAHR,WAHR,WAHR,WAHR,WAHR,WAHR,FALSCH,WAHR,WAHR,WAHR,WAHR,WAHR,WAHR,FALSCH,FALSCH,WAHR,WAHR,WAHR,WAHR,WAHR,WAHR,WAHR
10122841.0,WAHR,WAHR,WAHR,WAHR,WAHR,WAHR,WAHR,WAHR,WAHR,WAHR,WAHR,WAHR,WAHR,WAHR,WAHR,FALSCH,WAHR,WAHR,WAHR,FALSCH,FALSCH,WAHR,WAHR,WAHR
10123661.0,WAHR,WAHR,WAHR,WAHR,WAHR,WAHR,FALSCH,FALSCH,FALSCH,FALSCH,FALSCH,FALSCH,FALSCH,FALSCH,FALSCH,WAHR,FALSCH,FALSCH,FALSCH,WAHR,WAHR,WAHR,WAHR,WAHR
10124351.0,WAHR,WAHR,WAHR,WAHR,WAHR,WAHR,WAHR,WAHR,WAHR,WAHR,FALSCH,FALSCH,WAHR,WAHR,WAHR,WAHR,WAHR,WAHR,FALSCH,FALSCH,WAHR,WAHR,WAHR,WAHR
10124352.0,WAHR,WAHR,WAHR,WAHR,WAHR,WAHR,WAHR,WAHR,WAHR,WAHR,FALSCH,FALSCH,WAHR,WAHR,WAHR,WAHR,WAHR,WAHR,FALSCH,FALSCH,WAHR,WAHR,WAHR,WAHR
10124561.0,WAHR,WAHR,WAHR,WAHR,WAHR,WAHR,WAHR,WAHR,WAHR,WAHR,WAHR,WAHR,WAHR,WAHR,FALSCH,WAHR,WAHR,WAHR,WAHR,WAHR,WAHR,WAHR,WAHR,WAHR
10124564.0,WAHR,WAHR,WAHR,WAHR,WAHR,WAHR,WAHR,WAHR,FALSCH,WAHR,WAHR,WAHR,WAHR,WAHR,WAHR,WAHR,WAHR,WAHR,WAHR,WAHR,WAHR,WAHR,WAHR,WAHR
10127201.0,WAHR,WAHR,WAHR,WAHR,WAHR,WAHR,WAHR,WAHR,FALSCH,FALSCH,WAHR,WAHR,WAHR,WAHR,WAHR,WAHR,WAHR,WAHR,WAHR,WAHR,WAHR,WAHR,WAHR,WAHR
10127781.0,WAHR,WAHR,WAHR,FALSCH,FALSCH,FALSCH,WAHR,WAHR,WAHR,WAHR,WAHR,WAHR,WAHR,WAHR,WAHR,WAHR,WAHR,WAHR,WAHR,WAHR,WAHR,WAHR,WAHR,WAHR
10128571.0,WAHR,WAHR,WAHR,WAHR,WAHR,WAHR,WAHR,FALSCH,FALSCH,FALSCH,FALSCH,FALSCH,FALSCH,FALSCH,WAHR,FALSCH,FALSCH,WAHR,WAHR,WAHR,WAHR,WAHR,WAHR,WAHR
10128572.0,WAHR,WAHR,WAHR,WAHR,WAHR,WAHR,WAHR,FALSCH,FALSCH,FALSCH,FALSCH,FALSCH,FALSCH,FALSCH,FALSCH,FALSCH,FALSCH,FALSCH,WAHR,WAHR,WAHR,WAHR,WAHR,WAHR
10129042.0,WAHR,WAHR,WAHR,WAHR,WAHR,WAHR,WAHR,WAHR,WAHR,FALSCH,FALSCH,WAHR,WAHR,WAHR,WAHR,WAHR,WAHR,WAHR,WAHR,WAHR,WAHR,WAHR,WAHR,WAHR
10129621.0,WAHR,WAHR,WAHR,WAHR,WAHR,WAHR,WAHR,WAHR,WAHR,FALSCH,WAHR,WAHR,FALSCH,FALSCH,FALSCH,FALSCH,FALSCH,FALSCH,FALSCH,FALSCH,WAHR,WAHR,WAHR,WAHR
10129712.0,WAHR,WAHR,WAHR,WAHR,WAHR,WAHR,WAHR,WAHR,WAHR,WAHR,FALSCH,WAHR,WAHR,WAHR,WAHR,WAHR,WAHR,WAHR,WAHR,WAHR,WAHR,WAHR,WAHR,WAHR
10130911.0,WAHR,WAHR,WAHR,WAHR,WAHR,WAHR,WAHR,WAHR,WAHR,WAHR,WAHR,WAHR,WAHR,WAHR,WAHR,WAHR,WAHR,WAHR,WAHR,WAHR,WAHR,WAHR,WAHR,WAHR
10130912.0,WAHR,FALSCH,WAHR,WAHR,WAHR,WAHR,WAHR,WAHR,WAHR,WAHR,WAHR,WAHR,WAHR,WAHR,WAHR,WAHR,WAHR,WAHR,WAHR,WAHR,WAHR,WAHR,WAHR,WAHR
10130913.0,WAHR,WAHR,WAHR,WAHR,WAHR,WAHR,WAHR,FALSCH,FALSCH,FALSCH,FALSCH,FALSCH,FALSCH,FALSCH,FALSCH,FALSCH,FALSCH,FALSCH,WAHR,FALSCH,FALSCH,WAHR,WAHR,WAHR
10132411.0,WAHR,WAHR,WAHR,WAHR,WAHR,WAHR,WAHR,WAHR,WAHR,WAHR,WAHR,WAHR,WAHR,FALSCH,FALSCH,FALSCH,FALSCH,FALSCH,FALSCH,WAHR,WAHR,WAHR,WAHR,WAHR
10132412.0,WAHR,WAHR,WAHR,WAHR,WAHR,WAHR,WAHR,WAHR,WAHR,WAHR,WAHR,WAHR,WAHR,FALSCH,FALSCH,FALSCH,FALSCH,FALSCH,FALSCH,WAHR,WAHR,WAHR,WAHR,WAHR
10132501.0,WAHR,WAHR,WAHR,WAHR,WAHR,WAHR,WAHR,WAHR,WAHR,WAHR,WAHR,WAHR,WAHR,WAHR,WAHR,WAHR,WAHR,FALSCH,FALSCH,FALSCH,WAHR,WAHR,WAHR,WAHR
10132502.0,WAHR,WAHR,WAHR,WAHR,WAHR,WAHR,WAHR,WAHR,WAHR,WAHR,WAHR,WAHR,WAHR,WAHR,WAHR,WAHR,WAHR,FALSCH,FALSCH,FALSCH,WAHR,WAHR,WAHR,WAHR
10132591.0,WAHR,WAHR,WAHR,WAHR,WAHR,WAHR,WAHR,FALSCH,FALSCH,FALSCH,FALSCH,FALSCH,FALSCH,WAHR,FALSCH,FALSCH,WAHR,WAHR,WAHR,FALSCH,FALSCH,FALSCH,FALSCH,WAHR
10132592.0,WAHR,WAHR,WAHR,WAHR,WAHR,WAHR,WAHR,WAHR,WAHR,WAHR,WAHR,WAHR,WAHR,FALSCH,FALSCH,FALSCH,FALSCH,FALSCH,WAHR,WAHR,WAHR,WAHR,WAHR,WAHR
10134842.0,WAHR,WAHR,WAHR,WAHR,WAHR,WAHR,WAHR,FALSCH,WAHR,WAHR,WAHR,WAHR,WAHR,WAHR,FALSCH,FALSCH,FALSCH,FALSCH,FALSCH,FALSCH,WAHR,WAHR,WAHR,WAHR
10135871.0,WAHR,WAHR,WAHR,WAHR,WAHR,WAHR,WAHR,WAHR,WAHR,WAHR,WAHR,WAHR,WAHR,WAHR,WAHR,WAHR,WAHR,WAHR,WAHR,WAHR,WAHR,WAHR,WAHR,WAHR
10135872.0,WAHR,WAHR,WAHR,WAHR,WAHR,WAHR,WAHR,WAHR,WAHR,WAHR,WAHR,WAHR,WAHR,WAHR,WAHR,WAHR,WAHR,WAHR,WAHR,WAHR,WAHR,WAHR,WAHR,WAHR
10136011.0,WAHR,WAHR,WAHR,WAHR,WAHR,WAHR,WAHR,FALSCH,FALSCH,FALSCH,FALSCH,FALSCH,FALSCH,FALSCH,FALSCH,FALSCH,FALSCH,WAHR,WAHR,WAHR,WAHR,WAHR,WAHR,WAHR
10136652.0,WAHR,WAHR,WAHR,WAHR,WAHR,WAHR,WAHR,WAHR,WAHR,WAHR,WAHR,WAHR,WAHR,WAHR,WAHR,WAHR,WAHR,WAHR,WAHR,FALSCH,FALSCH,FALSCH,FALSCH,FALSCH
10138161.0,WAHR,WAHR,WAHR,WAHR,WAHR,WAHR,WAHR,WAHR,WAHR,WAHR,WAHR,WAHR,WAHR,WAHR,WAHR,FALSCH,FALSCH,FALSCH,WAHR,WAHR,WAHR,WAHR,WAHR,WAHR
10138162.0,WAHR,WAHR,WAHR,WAHR,WAHR,WAHR,WAHR,WAHR,WAHR,WAHR,WAHR,WAHR,WAHR,WAHR,WAHR,FALSCH,FALSCH,FALSCH,WAHR,WAHR,WAHR,WAHR,WAHR,WAHR
10139041.0,WAHR,WAHR,WAHR,WAHR,WAHR,WAHR,WAHR,WAHR,WAHR,WAHR,WAHR,WAHR,WAHR,WAHR,WAHR,FALSCH,WAHR,WAHR,WAHR,WAHR,WAHR,WAHR,WAHR,WAHR
10139581.0,WAHR,WAHR,WAHR,WAHR,WAHR,WAHR,WAHR,FALSCH,FALSCH,FALSCH,FALSCH,FALSCH,FALSCH,WAHR,WAHR,FALSCH,WAHR,WAHR,WAHR,WAHR,WAHR,WAHR,WAHR,WAHR
10139582.0,WAHR,WAHR,WAHR,WAHR,WAHR,WAHR,WAHR,WAHR,WAHR,FALSCH,FALSCH,FALSCH,FALSCH,FALSCH,FALSCH,FALSCH,FALSCH,FALSCH,FALSCH,FALSCH,WAHR,WAHR,WAHR,WAHR
10140171.0,WAHR,WAHR,WAHR,WAHR,WAHR,WAHR,WAHR,WAHR,FALSCH,FALSCH,FALSCH,FALSCH,FALSCH,FALSCH,FALSCH,FALSCH,FALSCH,WAHR,WAHR,WAHR,WAHR,WAHR,WAHR,WAHR
10140371.0,WAHR,WAHR,WAHR,WAHR,WAHR,WAHR,WAHR,WAHR,WAHR,WAHR,WAHR,FALSCH,FALSCH,WAHR,WAHR,WAHR,WAHR,FALSCH,FALSCH,FALSCH,WAHR,WAHR,WAHR,WAHR
10142011.0,WAHR,WAHR,WAHR,WAHR,FALSCH,WAHR,WAHR,FALSCH,FALSCH,FALSCH,FALSCH,FALSCH,FALSCH,FALSCH,FALSCH,WAHR,WAHR,WAHR,WAHR,WAHR,WAHR,WAHR,WAHR,WAHR
10142102.0,WAHR,WAHR,WAHR,WAHR,WAHR,WAHR,WAHR,WAHR,WAHR,WAHR,FALSCH,FALSCH,WAHR,WAHR,WAHR,WAHR,WAHR,FALSCH,FALSCH,FALSCH,FALSCH,FALSCH,FALSCH,FALSCH
10142641.0,WAHR,WAHR,WAHR,WAHR,WAHR,WAHR,WAHR,FALSCH,FALSCH,FALSCH,FALSCH,FALSCH,FALSCH,FALSCH,FALSCH,FALSCH,FALSCH,FALSCH,FALSCH,FALSCH,FALSCH,FALSCH,FALSCH,FALSCH
10144991.0,WAHR,WAHR,WAHR,WAHR,WAHR,WAHR,WAHR,WAHR,FALSCH,FALSCH,FALSCH,FALSCH,FALSCH,WAHR,WAHR,FALSCH,FALSCH,FALSCH,WAHR,WAHR,WAHR,WAHR,WAHR,WAHR
10144992.0,WAHR,WAHR,WAHR,WAHR,WAHR,WAHR,WAHR,WAHR,WAHR,FALSCH,FALSCH,FALSCH,FALSCH,FALSCH,FALSCH,FALSCH,FALSCH,FALSCH,FALSCH,WAHR,WAHR,WAHR,WAHR,WAHR
10145171.0,WAHR,WAHR,WAHR,WAHR,WAHR,WAHR,WAHR,WAHR,WAHR,WAHR,WAHR,WAHR,WAHR,WAHR,WAHR,FALSCH,FALSCH,FALSCH,WAHR,WAHR,WAHR,WAHR,WAHR,WAHR
10145174.0,WAHR,WAHR,WAHR,WAHR,WAHR,WAHR,WAHR,WAHR,WAHR,WAHR,WAHR,WAHR,WAHR,WAHR,WAHR,WAHR,FALSCH,FALSCH,WAHR,WAHR,WAHR,WAHR,WAHR,WAHR
10147311.0,WAHR,FALSCH,WAHR,WAHR,WAHR,WAHR,WAHR,WAHR,WAHR,WAHR,WAHR,WAHR,WAHR,WAHR,WAHR,WAHR,WAHR,WAHR,WAHR,WAHR,WAHR,WAHR,WAHR,WAHR
10147312.0,WAHR,WAHR,WAHR,WAHR,WAHR,WAHR,WAHR,WAHR,WAHR,WAHR,WAHR,WAHR,WAHR,WAHR,WAHR,WAHR,WAHR,FALSCH,WAHR,WAHR,WAHR,WAHR,WAHR,WAHR
10147313.0,WAHR,WAHR,WAHR,WAHR,WAHR,WAHR,WAHR,WAHR,WAHR,WAHR,WAHR,WAHR,WAHR,WAHR,WAHR,WAHR,WAHR,WAHR,WAHR,FALSCH,WAHR,WAHR,WAHR,WAHR
10147314.0,WAHR,WAHR,WAHR,WAHR,WAHR,WAHR,WAHR,WAHR,WAHR,WAHR,WAHR,WAHR,WAHR,WAHR,WAHR,WAHR,WAHR,WAHR,WAHR,WAHR,WAHR,WAHR,WAHR,WAHR
10147451.0,WAHR,WAHR,WAHR,WAHR,WAHR,WAHR,WAHR,WAHR,WAHR,WAHR,FALSCH,FALSCH,FALSCH,WAHR,WAHR,WAHR,WAHR,WAHR,WAHR,WAHR,WAHR,WAHR,WAHR,WAHR
10152151.0,WAHR,WAHR,WAHR,WAHR,WAHR,WAHR,WAHR,WAHR,WAHR,WAHR,WAHR,WAHR,WAHR,WAHR,FALSCH,FALSCH,FALSCH,WAHR,WAHR,WAHR,WAHR,WAHR,WAHR,WAHR
10152152.0,WAHR,WAHR,WAHR,WAHR,WAHR,WAHR,WAHR,WAHR,WAHR,WAHR,WAHR,WAHR,WAHR,WAHR,WAHR,WAHR,FALSCH,WAHR,WAHR,WAHR,WAHR,WAHR,WAHR,WAHR
10153551.0,WAHR,WAHR,WAHR,WAHR,WAHR,WAHR,WAHR,WAHR,WAHR,WAHR,WAHR,WAHR,WAHR,FALSCH,FALSCH,WAHR,WAHR,WAHR,WAHR,WAHR,WAHR,WAHR,WAHR,WAHR
10153553.0,WAHR,WAHR,WAHR,WAHR,WAHR,WAHR,WAHR,WAHR,WAHR,WAHR,WAHR,WAHR,WAHR,WAHR,WAHR,WAHR,WAHR,FALSCH,FALSCH,WAHR,WAHR,WAHR,WAHR,WAHR
10153554.0,WAHR,WAHR,WAHR,WAHR,WAHR,WAHR,WAHR,WAHR,FALSCH,FALSCH,FALSCH,FALSCH,FALSCH,WAHR,WAHR,WAHR,WAHR,WAHR,WAHR,WAHR,WAHR,WAHR,WAHR,WAHR
10155951.0,WAHR,WAHR,WAHR,WAHR,WAHR,WAHR,WAHR,WAHR,WAHR,FALSCH,FALSCH,FALSCH,FALSCH,FALSCH,WAHR,WAHR,WAHR,WAHR,WAHR,WAHR,WAHR,WAHR,WAHR,WAHR
10156941.0,WAHR,WAHR,WAHR,WAHR,WAHR,WAHR,WAHR,WAHR,WAHR,WAHR,WAHR,WAHR,WAHR,WAHR,WAHR,WAHR,WAHR,WAHR,WAHR,WAHR,WAHR,WAHR,WAHR,WAHR
10157181.0,WAHR,WAHR,WAHR,WAHR,WAHR,WAHR,WAHR,WAHR,WAHR,FALSCH,FALSCH,WAHR,WAHR,WAHR,WAHR,WAHR,WAHR,WAHR,WAHR,WAHR,WAHR,WAHR,WAHR,WAHR
10157182.0,WAHR,WAHR,WAHR,WAHR,WAHR,WAHR,WAHR,WAHR,WAHR,FALSCH,FALSCH,WAHR,WAHR,WAHR,WAHR,WAHR,WAHR,WAHR,WAHR,WAHR,WAHR,WAHR,WAHR,WAHR
10158051.0,WAHR,WAHR,WAHR,WAHR,WAHR,WAHR,WAHR,WAHR,WAHR,WAHR,WAHR,WAHR,WAHR,WAHR,WAHR,WAHR,WAHR,WAHR,FALSCH,FALSCH,WAHR,WAHR,WAHR,WAHR
10158052.0,WAHR,WAHR,WAHR,WAHR,WAHR,WAHR,FALSCH,FALSCH,FALSCH,FALSCH,FALSCH,FALSCH,FALSCH,FALSCH,FALSCH,WAHR,WAHR,WAHR,WAHR,WAHR,WAHR,WAHR,WAHR,WAHR
10158053.0,WAHR,WAHR,WAHR,WAHR,WAHR,WAHR,WAHR,WAHR,FALSCH,FALSCH,FALSCH,FALSCH,FALSCH,FALSCH,FALSCH,WAHR,WAHR,WAHR,FALSCH,FALSCH,WAHR,WAHR,WAHR,WAHR
10158054.0,WAHR,WAHR,WAHR,WAHR,WAHR,WAHR,WAHR,FALSCH,FALSCH,FALSCH,FALSCH,FALSCH,FALSCH,FALSCH,FALSCH,FALSCH,WAHR,FALSCH,WAHR,WAHR,WAHR,WAHR,WAHR,WAHR
10158531.0,WAHR,WAHR,WAHR,WAHR,WAHR,WAHR,WAHR,WAHR,WAHR,WAHR,WAHR,WAHR,WAHR,WAHR,FALSCH,WAHR,WAHR,WAHR,WAHR,WAHR,WAHR,WAHR,WAHR,WAHR
10158532.0,WAHR,WAHR,WAHR,WAHR,WAHR,WAHR,WAHR,WAHR,WAHR,WAHR,WAHR,WAHR,WAHR,WAHR,FALSCH,WAHR,WAHR,WAHR,WAHR,WAHR,WAHR,WAHR,WAHR,WAHR
10158901.0,WAHR,WAHR,WAHR,WAHR,WAHR,WAHR,WAHR,FALSCH,FALSCH,FALSCH,FALSCH,FALSCH,FALSCH,FALSCH,FALSCH,FALSCH,FALSCH,FALSCH,FALSCH,FALSCH,WAHR,WAHR,WAHR,WAHR
10158902.0,WAHR,WAHR,WAHR,WAHR,WAHR,WAHR,WAHR,WAHR,WAHR,WAHR,WAHR,WAHR,FALSCH,FALSCH,FALSCH,FALSCH,WAHR,FALSCH,FALSCH,FALSCH,FALSCH,WAHR,WAHR,WAHR
10159291.0,WAHR,WAHR,WAHR,WAHR,WAHR,WAHR,WAHR,WAHR,WAHR,WAHR,WAHR,WAHR,WAHR,WAHR,WAHR,WAHR,WAHR,WAHR,FALSCH,FALSCH,WAHR,WAHR,WAHR,WAHR
10159292.0,WAHR,WAHR,WAHR,WAHR,WAHR,WAHR,WAHR,WAHR,WAHR,WAHR,FALSCH,WAHR,WAHR,WAHR,WAHR,WAHR,WAHR,WAHR,WAHR,WAHR,WAHR,WAHR,WAHR,WAHR
10163651.0,WAHR,WAHR,WAHR,WAHR,WAHR,WAHR,WAHR,WAHR,FALSCH,FALSCH,FALSCH,FALSCH,FALSCH,FALSCH,FALSCH,FALSCH,FALSCH,FALSCH,WAHR,WAHR,WAHR,WAHR,WAHR,WAHR
10164311.0,WAHR,WAHR,WAHR,WAHR,WAHR,WAHR,WAHR,WAHR,WAHR,WAHR,FALSCH,FALSCH,FALSCH,FALSCH,FALSCH,FALSCH,FALSCH,FALSCH,FALSCH,FALSCH,FALSCH,WAHR,WAHR,WAHR
10164312.0,WAHR,WAHR,WAHR,WAHR,WAHR,WAHR,WAHR,WAHR,WAHR,WAHR,FALSCH,FALSCH,FALSCH,FALSCH,FALSCH,FALSCH,FALSCH,FALSCH,FALSCH,FALSCH,FALSCH,WAHR,WAHR,WAHR
10165081.0,WAHR,WAHR,WAHR,WAHR,WAHR,WAHR,WAHR,WAHR,WAHR,FALSCH,FALSCH,FALSCH,FALSCH,FALSCH,FALSCH,FALSCH,FALSCH,FALSCH,FALSCH,FALSCH,FALSCH,FALSCH,FALSCH,WAHR
10165082.0,WAHR,WAHR,WAHR,WAHR,WAHR,WAHR,WAHR,WAHR,FALSCH,FALSCH,FALSCH,FALSCH,FALSCH,FALSCH,FALSCH,FALSCH,FALSCH,FALSCH,FALSCH,FALSCH,FALSCH,FALSCH,FALSCH,WAHR
10165141.0,WAHR,WAHR,WAHR,WAHR,WAHR,WAHR,WAHR,WAHR,WAHR,WAHR,FALSCH,FALSCH,FALSCH,FALSCH,FALSCH,FALSCH,FALSCH,FALSCH,FALSCH,FALSCH,WAHR,WAHR,WAHR,WAHR
10165981.0,WAHR,WAHR,WAHR,WAHR,WAHR,WAHR,WAHR,WAHR,WAHR,WAHR,WAHR,WAHR,WAHR,WAHR,WAHR,WAHR,WAHR,WAHR,FALSCH,FALSCH,FALSCH,FALSCH,FALSCH,WAHR
10168412.0,WAHR,WAHR,WAHR,WAHR,WAHR,WAHR,WAHR,FALSCH,FALSCH,FALSCH,FALSCH,FALSCH,FALSCH,FALSCH,FALSCH,FALSCH,FALSCH,FALSCH,WAHR,WAHR,WAHR,WAHR,WAHR,WAHR
10168414.0,WAHR,WAHR,WAHR,WAHR,WAHR,WAHR,WAHR,WAHR,WAHR,WAHR,WAHR,WAHR,WAHR,WAHR,WAHR,WAHR,WAHR,WAHR,WAHR,WAHR,WAHR,WAHR,WAHR,WAHR
10168481.0,WAHR,WAHR,WAHR,WAHR,WAHR,WAHR,WAHR,WAHR,WAHR,WAHR,FALSCH,FALSCH,WAHR,WAHR,WAHR,WAHR,WAHR,WAHR,WAHR,WAHR,WAHR,WAHR,WAHR,WAHR
10168482.0,WAHR,WAHR,WAHR,WAHR,WAHR,WAHR,WAHR,WAHR,WAHR,WAHR,WAHR,WAHR,WAHR,WAHR,WAHR,FALSCH,FALSCH,FALSCH,FALSCH,WAHR,WAHR,WAHR,WAHR,WAHR
10169461.0,WAHR,WAHR,WAHR,WAHR,WAHR,WAHR,WAHR,WAHR,WAHR,WAHR,WAHR,WAHR,WAHR,FALSCH,FALSCH,FALSCH,FALSCH,FALSCH,WAHR,WAHR,WAHR,WAHR,WAHR,WAHR
10169462.0,WAHR,WAHR,WAHR,WAHR,WAHR,WAHR,WAHR,WAHR,WAHR,WAHR,WAHR,WAHR,WAHR,FALSCH,FALSCH,FALSCH,FALSCH,FALSCH,WAHR,WAHR,WAHR,WAHR,WAHR,WAHR
10169541.0,WAHR,WAHR,WAHR,WAHR,WAHR,WAHR,WAHR,FALSCH,FALSCH,FALSCH,FALSCH,FALSCH,FALSCH,FALSCH,FALSCH,FALSCH,WAHR,WAHR,WAHR,WAHR,WAHR,WAHR,WAHR,WAHR
10170191.0,WAHR,WAHR,WAHR,WAHR,WAHR,WAHR,WAHR,WAHR,WAHR,WAHR,WAHR,WAHR,WAHR,FALSCH,FALSCH,FALSCH,FALSCH,FALSCH,FALSCH,WAHR,WAHR,WAHR,WAHR,WAHR
10170192.0,WAHR,WAHR,WAHR,WAHR,WAHR,WAHR,WAHR,WAHR,WAHR,WAHR,WAHR,WAHR,FALSCH,WAHR,WAHR,WAHR,WAHR,FALSCH,FALSCH,WAHR,WAHR,WAHR,WAHR,WAHR
10170531.0,WAHR,WAHR,WAHR,WAHR,WAHR,WAHR,WAHR,WAHR,FALSCH,FALSCH,FALSCH,FALSCH,FALSCH,WAHR,WAHR,WAHR,WAHR,WAHR,WAHR,WAHR,WAHR,WAHR,WAHR,WAHR
10170651.0,WAHR,WAHR,WAHR,WAHR,WAHR,WAHR,WAHR,WAHR,FALSCH,FALSCH,WAHR,WAHR,WAHR,FALSCH,FALSCH,WAHR,WAHR,WAHR,WAHR,WAHR,WAHR,WAHR,WAHR,WAHR
10171131.0,WAHR,WAHR,WAHR,WAHR,WAHR,WAHR,WAHR,WAHR,WAHR,WAHR,WAHR,WAHR,WAHR,WAHR,WAHR,FALSCH,WAHR,WAHR,WAHR,WAHR,WAHR,WAHR,WAHR,WAHR
10171132.0,WAHR,WAHR,WAHR,WAHR,WAHR,FALSCH,FALSCH,FALSCH,FALSCH,FALSCH,FALSCH,FALSCH,FALSCH,FALSCH,WAHR,WAHR,WAHR,WAHR,WAHR,WAHR,WAHR,WAHR,WAHR,WAHR
10171691.0,WAHR,WAHR,WAHR,WAHR,WAHR,WAHR,WAHR,WAHR,WAHR,WAHR,WAHR,WAHR,WAHR,WAHR,WAHR,WAHR,WAHR,WAHR,FALSCH,WAHR,WAHR,WAHR,WAHR,WAHR
10171831.0,WAHR,WAHR,WAHR,WAHR,WAHR,WAHR,WAHR,WAHR,WAHR,FALSCH,FALSCH,FALSCH,WAHR,WAHR,WAHR,WAHR,WAHR,WAHR,WAHR,WAHR,WAHR,WAHR,WAHR,WAHR
10173991.0,WAHR,WAHR,WAHR,WAHR,WAHR,WAHR,WAHR,WAHR,WAHR,WAHR,WAHR,WAHR,FALSCH,WAHR,WAHR,WAHR,WAHR,WAHR,WAHR,WAHR,WAHR,WAHR,WAHR,WAHR
10173992.0,WAHR,WAHR,WAHR,WAHR,WAHR,WAHR,WAHR,WAHR,WAHR,WAHR,WAHR,FALSCH,FALSCH,FALSCH,FALSCH,FALSCH,FALSCH,WAHR,WAHR,WAHR,WAHR,WAHR,WAHR,WAHR
10174481.0,WAHR,WAHR,WAHR,WAHR,WAHR,WAHR,WAHR,FALSCH,FALSCH,FALSCH,FALSCH,FALSCH,WAHR,WAHR,WAHR,WAHR,FALSCH,WAHR,WAHR,WAHR,WAHR,WAHR,WAHR,WAHR
10174482.0,WAHR,WAHR,WAHR,WAHR,WAHR,WAHR,WAHR,WAHR,WAHR,WAHR,WAHR,WAHR,WAHR,WAHR,FALSCH,FALSCH,WAHR,WAHR,FALSCH,FALSCH,FALSCH,FALSCH,WAHR,WAHR
10174483.0,WAHR,WAHR,WAHR,WAHR,WAHR,WAHR,WAHR,FALSCH,FALSCH,FALSCH,FALSCH,FALSCH,FALSCH,FALSCH,FALSCH,FALSCH,FALSCH,WAHR,FALSCH,FALSCH,FALSCH,FALSCH,WAHR,WAHR
10174891.0,WAHR,WAHR,WAHR,WAHR,WAHR,WAHR,WAHR,WAHR,WAHR,WAHR,WAHR,FALSCH,FALSCH,FALSCH,WAHR,WAHR,WAHR,WAHR,WAHR,WAHR,WAHR,WAHR,WAHR,WAHR
10174892.0,WAHR,WAHR,WAHR,WAHR,WAHR,WAHR,WAHR,WAHR,WAHR,FALSCH,FALSCH,FALSCH,FALSCH,FALSCH,WAHR,WAHR,WAHR,FALSCH,FALSCH,WAHR,WAHR,WAHR,WAHR,WAHR
10175971.0,WAHR,WAHR,WAHR,WAHR,WAHR,WAHR,WAHR,FALSCH,WAHR,FALSCH,WAHR,WAHR,WAHR,WAHR,WAHR,WAHR,WAHR,WAHR,WAHR,WAHR,WAHR,WAHR,WAHR,WAHR
10176071.0,WAHR,WAHR,WAHR,WAHR,WAHR,WAHR,WAHR,FALSCH,FALSCH,FALSCH,WAHR,WAHR,WAHR,WAHR,WAHR,WAHR,WAHR,WAHR,WAHR,WAHR,WAHR,WAHR,WAHR,WAHR
10176072.0,WAHR,WAHR,WAHR,WAHR,WAHR,WAHR,WAHR,FALSCH,FALSCH,FALSCH,FALSCH,FALSCH,FALSCH,FALSCH,FALSCH,FALSCH,FALSCH,WAHR,WAHR,WAHR,WAHR,WAHR,WAHR,WAHR
10176161.0,WAHR,WAHR,WAHR,WAHR,WAHR,FALSCH,FALSCH,FALSCH,FALSCH,FALSCH,FALSCH,FALSCH,FALSCH,FALSCH,FALSCH,FALSCH,FALSCH,WAHR,WAHR,WAHR,WAHR,WAHR,WAHR,WAHR
10176162.0,WAHR,WAHR,WAHR,WAHR,WAHR,WAHR,WAHR,FALSCH,FALSCH,FALSCH,FALSCH,FALSCH,FALSCH,FALSCH,FALSCH,FALSCH,WAHR,WAHR,WAHR,WAHR,WAHR,WAHR,WAHR,WAHR
10176622.0,WAHR,WAHR,WAHR,WAHR,WAHR,FALSCH,FALSCH,FALSCH,FALSCH,FALSCH,FALSCH,FALSCH,FALSCH,FALSCH,WAHR,WAHR,WAHR,WAHR,WAHR,WAHR,WAHR,WAHR,WAHR,WAHR
10176624.0,WAHR,WAHR,WAHR,WAHR,WAHR,WAHR,WAHR,WAHR,WAHR,WAHR,WAHR,FALSCH,FALSCH,FALSCH,FALSCH,FALSCH,WAHR,WAHR,WAHR,WAHR,WAHR,WAHR,WAHR,WAHR
10176821.0,WAHR,WAHR,WAHR,WAHR,WAHR,WAHR,WAHR,WAHR,WAHR,WAHR,WAHR,WAHR,WAHR,WAHR,WAHR,WAHR,WAHR,WAHR,WAHR,WAHR,FALSCH,FALSCH,WAHR,WAHR
10176822.0,WAHR,WAHR,WAHR,WAHR,WAHR,WAHR,WAHR,WAHR,WAHR,WAHR,WAHR,FALSCH,WAHR,WAHR,WAHR,WAHR,WAHR,WAHR,WAHR,WAHR,FALSCH,FALSCH,WAHR,WAHR
10177971.0,WAHR,WAHR,WAHR,WAHR,WAHR,WAHR,WAHR,WAHR,WAHR,FALSCH,FALSCH,FALSCH,FALSCH,FALSCH,FALSCH,FALSCH,WAHR,WAHR,FALSCH,WAHR,WAHR,WAHR,WAHR,WAHR
10177972.0,WAHR,WAHR,WAHR,WAHR,WAHR,WAHR,WAHR,WAHR,WAHR,FALSCH,FALSCH,FALSCH,FALSCH,FALSCH,FALSCH,FALSCH,FALSCH,FALSCH,WAHR,WAHR,WAHR,WAHR,WAHR,WAHR
10177973.0,WAHR,WAHR,WAHR,WAHR,WAHR,WAHR,WAHR,WAHR,WAHR,WAHR,WAHR,WAHR,WAHR,WAHR,WAHR,WAHR,WAHR,WAHR,WAHR,WAHR,WAHR,WAHR,WAHR,WAHR
10179391.0,WAHR,WAHR,WAHR,WAHR,WAHR,WAHR,WAHR,WAHR,WAHR,WAHR,WAHR,WAHR,WAHR,WAHR,WAHR,WAHR,WAHR,WAHR,WAHR,WAHR,WAHR,WAHR,WAHR,WAHR
10180341.0,WAHR,WAHR,WAHR,WAHR,WAHR,WAHR,WAHR,WAHR,WAHR,WAHR,WAHR,WAHR,WAHR,WAHR,FALSCH,FALSCH,WAHR,WAHR,WAHR,WAHR,WAHR,WAHR,WAHR,WAHR
10180342.0,WAHR,WAHR,WAHR,WAHR,WAHR,WAHR,WAHR,WAHR,WAHR,WAHR,WAHR,WAHR,WAHR,WAHR,FALSCH,FALSCH,WAHR,WAHR,WAHR,WAHR,WAHR,WAHR,WAHR,WAHR
10183681.0,WAHR,WAHR,WAHR,WAHR,WAHR,WAHR,WAHR,WAHR,WAHR,WAHR,WAHR,WAHR,FALSCH,FALSCH,FALSCH,FALSCH,WAHR,WAHR,WAHR,WAHR,WAHR,WAHR,WAHR,WAHR
10183682.0,WAHR,WAHR,WAHR,WAHR,WAHR,WAHR,WAHR,WAHR,WAHR,WAHR,WAHR,WAHR,FALSCH,FALSCH,FALSCH,FALSCH,WAHR,WAHR,WAHR,WAHR,WAHR,WAHR,WAHR,WAHR
10184451.0,WAHR,WAHR,WAHR,WAHR,WAHR,WAHR,WAHR,WAHR,WAHR,WAHR,FALSCH,WAHR,FALSCH,FALSCH,WAHR,WAHR,WAHR,WAHR,WAHR,WAHR,WAHR,WAHR,WAHR,WAHR
10184452.0,WAHR,WAHR,WAHR,WAHR,WAHR,WAHR,WAHR,WAHR,WAHR,WAHR,WAHR,WAHR,FALSCH,FALSCH,WAHR,WAHR,WAHR,WAHR,WAHR,WAHR,WAHR,WAHR,WAHR,WAHR
10184742.0,WAHR,WAHR,WAHR,WAHR,WAHR,WAHR,WAHR,WAHR,FALSCH,FALSCH,WAHR,WAHR,WAHR,WAHR,WAHR,WAHR,WAHR,WAHR,WAHR,WAHR,WAHR,WAHR,WAHR,WAHR
10184761.0,WAHR,WAHR,WAHR,WAHR,WAHR,WAHR,WAHR,WAHR,FALSCH,FALSCH,FALSCH,FALSCH,FALSCH,FALSCH,FALSCH,WAHR,WAHR,WAHR,WAHR,WAHR,WAHR,WAHR,WAHR,WAHR
10184911.0,WAHR,WAHR,WAHR,WAHR,WAHR,WAHR,WAHR,WAHR,WAHR,WAHR,WAHR,WAHR,WAHR,WAHR,WAHR,WAHR,WAHR,WAHR,WAHR,WAHR,WAHR,WAHR,WAHR,WAHR
10186041.0,WAHR,WAHR,WAHR,WAHR,WAHR,WAHR,WAHR,WAHR,WAHR,WAHR,WAHR,WAHR,FALSCH,WAHR,WAHR,WAHR,WAHR,FALSCH,WAHR,WAHR,WAHR,WAHR,WAHR,WAHR
10187012.0,WAHR,WAHR,WAHR,WAHR,WAHR,WAHR,FALSCH,FALSCH,FALSCH,FALSCH,FALSCH,FALSCH,WAHR,WAHR,FALSCH,FALSCH,FALSCH,FALSCH,WAHR,FALSCH,WAHR,WAHR,WAHR,WAHR
10187141.0,WAHR,WAHR,WAHR,WAHR,WAHR,WAHR,WAHR,WAHR,FALSCH,FALSCH,FALSCH,FALSCH,FALSCH,FALSCH,FALSCH,FALSCH,FALSCH,FALSCH,FALSCH,WAHR,WAHR,WAHR,WAHR,WAHR
10187281.0,WAHR,WAHR,WAHR,WAHR,WAHR,WAHR,WAHR,WAHR,WAHR,WAHR,WAHR,WAHR,WAHR,WAHR,WAHR,WAHR,FALSCH,FALSCH,FALSCH,FALSCH,WAHR,WAHR,WAHR,WAHR
10187282.0,WAHR,WAHR,WAHR,WAHR,WAHR,WAHR,WAHR,WAHR,WAHR,WAHR,WAHR,WAHR,WAHR,WAHR,WAHR,WAHR,FALSCH,FALSCH,FALSCH,FALSCH,WAHR,WAHR,WAHR,WAHR
10188281.0,WAHR,WAHR,WAHR,WAHR,WAHR,FALSCH,FALSCH,FALSCH,FALSCH,FALSCH,FALSCH,FALSCH,FALSCH,FALSCH,FALSCH,WAHR,WAHR,WAHR,WAHR,WAHR,WAHR,WAHR,WAHR,WAHR
10188282.0,WAHR,WAHR,WAHR,WAHR,WAHR,FALSCH,FALSCH,FALSCH,FALSCH,FALSCH,FALSCH,FALSCH,FALSCH,FALSCH,FALSCH,FALSCH,WAHR,WAHR,WAHR,WAHR,WAHR,WAHR,WAHR,WAHR
10189001.0,WAHR,WAHR,WAHR,WAHR,WAHR,WAHR,WAHR,WAHR,WAHR,WAHR,WAHR,FALSCH,FALSCH,WAHR,WAHR,WAHR,WAHR,WAHR,WAHR,WAHR,WAHR,WAHR,WAHR,WAHR
10190331.0,WAHR,WAHR,WAHR,WAHR,WAHR,WAHR,WAHR,WAHR,FALSCH,FALSCH,FALSCH,FALSCH,FALSCH,FALSCH,FALSCH,FALSCH,FALSCH,FALSCH,FALSCH,WAHR,WAHR,WAHR,WAHR,WAHR
10193721.0,WAHR,WAHR,WAHR,WAHR,WAHR,WAHR,WAHR,FALSCH,FALSCH,FALSCH,WAHR,WAHR,WAHR,FALSCH,FALSCH,FALSCH,FALSCH,WAHR,WAHR,WAHR,WAHR,WAHR,WAHR,WAHR
10197141.0,WAHR,WAHR,WAHR,WAHR,WAHR,WAHR,WAHR,WAHR,WAHR,FALSCH,FALSCH,FALSCH,WAHR,WAHR,WAHR,WAHR,WAHR,WAHR,WAHR,WAHR,WAHR,WAHR,WAHR,WAHR
10198841.0,WAHR,WAHR,WAHR,WAHR,WAHR,WAHR,WAHR,WAHR,WAHR,WAHR,FALSCH,FALSCH,WAHR,WAHR,WAHR,WAHR,WAHR,WAHR,FALSCH,WAHR,WAHR,WAHR,WAHR,WAHR
10198842.0,WAHR,WAHR,WAHR,WAHR,WAHR,WAHR,WAHR,WAHR,WAHR,WAHR,WAHR,WAHR,WAHR,FALSCH,FALSCH,FALSCH,WAHR,WAHR,WAHR,WAHR,WAHR,WAHR,WAHR,WAHR
10200961.0,WAHR,WAHR,WAHR,WAHR,WAHR,WAHR,WAHR,WAHR,WAHR,FALSCH,FALSCH,FALSCH,FALSCH,FALSCH,FALSCH,FALSCH,FALSCH,FALSCH,FALSCH,WAHR,WAHR,WAHR,WAHR,WAHR
10201162.0,WAHR,WAHR,WAHR,WAHR,WAHR,WAHR,FALSCH,FALSCH,FALSCH,FALSCH,FALSCH,FALSCH,FALSCH,FALSCH,FALSCH,WAHR,WAHR,WAHR,FALSCH,FALSCH,FALSCH,WAHR,WAHR,WAHR
10201211.0,WAHR,WAHR,WAHR,WAHR,WAHR,WAHR,WAHR,WAHR,FALSCH,WAHR,FALSCH,FALSCH,WAHR,WAHR,WAHR,WAHR,FALSCH,WAHR,WAHR,WAHR,WAHR,WAHR,WAHR,WAHR
10201212.0,WAHR,WAHR,WAHR,WAHR,WAHR,WAHR,WAHR,WAHR,FALSCH,FALSCH,FALSCH,FALSCH,WAHR,WAHR,WAHR,WAHR,FALSCH,WAHR,WAHR,WAHR,WAHR,WAHR,WAHR,WAHR
10201511.0,WAHR,WAHR,WAHR,WAHR,WAHR,WAHR,WAHR,WAHR,WAHR,WAHR,WAHR,WAHR,WAHR,WAHR,WAHR,WAHR,WAHR,WAHR,WAHR,WAHR,WAHR,WAHR,WAHR,WAHR
10201512.0,WAHR,WAHR,WAHR,WAHR,WAHR,WAHR,WAHR,WAHR,FALSCH,FALSCH,FALSCH,FALSCH,WAHR,FALSCH,FALSCH,FALSCH,FALSCH,WAHR,WAHR,WAHR,WAHR,WAHR,WAHR,WAHR
10201681.0,WAHR,WAHR,WAHR,WAHR,WAHR,WAHR,WAHR,FALSCH,FALSCH,FALSCH,FALSCH,FALSCH,FALSCH,FALSCH,FALSCH,FALSCH,FALSCH,FALSCH,WAHR,WAHR,WAHR,WAHR,WAHR,WAHR
